daily_calories_kcal,daily_carbohydrates_g,daily_protein_g,daily_fat_g,daily_fiber_g
2060.4968204690877,196.4160624944868,41.64272305613362,70.54979716905956,39.40967466766048
